,y
0,0.0953467936161252
1,0.05302351165874642
2,0.0856283239571961
3,0.050380265265065234
4,0.016542611543030942
5,0.04169902972952877
6,0.08035302131704325
7,0.04415940677260144
8,0.15312560484509108
9,0.2988837665083991
10,0.04510550529243906
11,0.166074121777544
12,0.0430108449662977
13,0.046354831209631235
14,0.05958614233409865
15,0.21409347130654974
16,0.19315499468887365
17,0.050747734963551006
18,0.05016556008777962
19,0.050472954781098034
20,0.09942057044735644
21,0.046144347701791766
22,0.04756157793135651
23,0.05360482562478952
24,0.21578581864598426
25,0.07576981746004086
26,0.07677666092985957
27,0.017418495579061055
28,0.09686459553761463
29,0.06050164149525561
30,0.0411988868524158
31,0.044664133006544704
32,0.052575521667080787
33,0.044150584428291666
34,0.04770674465103475
35,0.1005249483212186
36,0.06590375545523419
37,0.12457633981813475
38,0.0860466746371954
39,0.05692656836599441
40,0.0404025253886513
41,0.04939424843578112
42,0.11162450085530318
43,0.05674460152757355
44,0.13309571122407127
45,0.051957868761309256
46,0.05931782733199464
47,0.05977337716475206
48,0.05860026323971345
49,0.10776480803150223
50,0.1049847742504436
51,0.06388991519323907
52,0.06636811342459015
53,0.064601547724078
54,0.05023366509680205
55,0.18289522313321493
56,0.0587351382772684
57,0.046718168107670384
58,0.08667472863800474
59,0.06796284984269474
60,0.034953371338905304
61,0.06006835503394602
62,0.0841908843502438
63,0.06570006169926879
64,0.05059607023813895
65,0.021663971097410358
66,0.05575399356926592
67,0.056296952159828224
68,0.050415836860111314
69,0.060891672698496165
70,0.0553932913394608
71,0.15337577044701545
72,0.16697949373144494
73,0.022197278762296047
74,0.07821680743379089
75,0.32279932867258176
76,0.052337343984989015
77,0.08138386966809462
78,0.20209882669889545
79,0.06365786922128548
80,0.055918694022250026
81,0.19139772525197274
82,0.04527033809605519
83,0.05578023177334035
84,0.05553664397530178
85,0.19851119986075288
86,0.05030515123263768
87,0.20278208073201576
88,0.052832132098433404
89,0.04961404646123724
90,0.18659303768710644
91,0.043922347851724115
92,0.056848632039420026
93,0.04708028583705304
94,0.12581571031375005
95,0.042324156150834964
96,0.06635618919877062
97,0.08143083088085279
98,0.09834912281501916
99,0.023754486265426308
100,0.056309636886882286
101,0.061030699323357585
102,0.06442309875448182
103,0.07496698593213746
104,0.19308279864664835
105,0.04472700336136315
106,0.06614886639625428
107,0.04738182620999398
108,0.06464698951571468
109,0.05472688397512016
110,0.04739589475180117
111,0.04588892021302482
112,0.06953304589097697
113,0.04791987903722839
114,0.06893376539976792
115,0.05265855922752805
116,0.04429066866871256
117,0.18378174947448267
118,0.09916139206942244
119,0.06496134883790916
120,0.18187913584565496
121,0.04711233015041283
122,0.07325224851529523
123,0.04150377464213029
124,0.06216771605942927
125,0.047628287756655285
126,0.024361549054233368
127,0.05211482124362898
128,0.04761216412069237
129,0.19072758168484985
130,0.049274767893508715
131,0.057739857372737124
132,0.05287231848701024
133,0.0991565329638764
134,0.06003016865274025
135,0.06855627388165553
136,0.020578219211250248
137,0.050387409989564265
138,0.0383243119152944
139,0.06930779238089302
140,0.0482171251756488
141,0.10869780735673262
142,0.050004856434533895
143,0.3028396045686769
144,0.053742417629322865
145,0.04194390111684898
146,0.049181157528270125
147,0.04959976789265341
148,0.11063928295302272
149,0.04734543911840172
150,0.04921307980739409
151,0.0519504427336166
152,0.10975970588948436
153,0.06825840644929171
154,0.3180328328298786
155,0.13494223499583768
156,0.08656264444664374
157,0.21214859862259072
158,0.04194680418137087
159,0.08394405551709594
160,0.04431963243028458
161,0.0674353354984244
162,0.08086630343567748
163,0.058232809871380124
164,0.04220402546377156
165,0.04200612735263598
166,0.09699712815488304
167,0.1172507083519867
168,0.045377131808881366
169,0.4774821345113504
170,0.06359545330921322
171,0.0633751467242697
172,0.044021265848918856
173,0.040433099444333036
174,0.15490988747588494
175,0.062140028507259075
176,0.05215097313346684
177,0.06264643145911343
178,0.0632439731602148
179,0.047052976036546346
180,0.0743418855533794
181,0.09897426302819068
182,0.09880980494892633
183,0.06059419177417469
184,0.050491254598271966
185,0.059057446419721986
186,0.06825820399273007
187,0.10260925455173844
188,0.1564279496696115
189,0.2165097720515765
190,0.04775607123950165
191,0.04991712106739499
192,0.046172377324919515
193,0.17906684947114682
194,0.047263713524417834
195,0.04448590977077749
196,0.051681570000249866
197,0.053259516991141176
198,0.0708132849314348
199,0.11193572237552453
200,0.06864374146304564
201,0.08912155822824275
202,0.03886334652846657
203,0.062178619427208585
204,0.03952463973114295
205,0.17095662047710447
206,0.049193088907788174
207,0.08843782405102141
208,0.0454588789091388
209,0.09929943062727753
210,0.04538921605392132
211,0.0692163241293533
212,0.1648136819026199
213,0.06912449099351581
214,0.053371729333189684
215,0.053884858272832736
216,0.3474039403995701
217,0.0606280474011085
218,0.03760671189234055
219,0.08083707174104726
220,0.05558045594899996
221,0.0852464479585463
222,0.0489612951466416
223,0.06656884434990884
224,0.05135855959487656
225,0.08540687069367281
226,0.061124471655995875
227,0.15937725829439894
228,0.05004820405462873
229,0.05143068645665316
230,0.059479376601637934
231,0.05697774829357893
232,0.12626123613402673
233,0.04419651966316873
234,0.2315561889386123
235,0.16826645582702238
236,0.04065934002590421
237,0.0907073171684194
238,0.2116894795046501
239,0.023905698414304344
240,0.06503714924093418
241,0.06867656987592408
242,0.06123728133752681
243,0.11453050008636324
244,0.05371100225188752
245,0.06586005125377348
246,0.11158476213051073
247,0.049559000748549915
248,0.05437913949808404
249,0.04358055883752865
250,0.04790973658835085
251,0.05388738406329874
252,0.2873379944745986
253,0.044089398299118836
254,0.04651021467123795
255,0.054728221800672605
256,0.21240161969473534
257,0.05801593295114282
258,0.05105586364345127
259,0.21782645150418767
260,0.044800489372381236
261,0.03934795121513812
262,0.049484371509946216
263,0.05063803671668765
264,0.2346883235596412
265,0.047607099434787366
266,0.05377447747039799
267,0.06271945879014817
268,0.051037189858359255
269,0.20964755174283645
270,0.07567557149883941
271,0.024038123053465414
272,0.06152262848399548
273,0.05617864401335615
274,0.05663554173618712
275,0.044940227698966766
276,0.04894735843293185
277,0.06868766798661463
278,0.05182726491150702
279,0.04666867775542871
280,0.1021218942283123
281,0.0620364644845367
282,0.058387304070442014
283,0.06928498876185496
284,0.07389045257056602
285,0.07512172864978894
286,0.06235979824528892
287,0.07104934315973765
288,0.21755178395867653
289,0.26483920299937025
290,0.04742144428743311
291,0.04944139566731187
292,0.06097588902888451
293,0.042940836279402934
294,0.047758569226964864
295,0.25327931256031466
296,0.04385802653053983
297,0.05759515254997605
298,0.05101230104159626
299,0.04845740814624045
300,0.14460013404538685
301,0.09942458966505484
302,0.05811239579459537
303,0.37041962458774397
304,0.16442675373414095
305,0.04867538924822645
306,0.028311403330078533
307,0.051162023362928966
308,0.03989752424055637
309,0.18027158026980328
310,0.06225695736059377
311,0.05200819595752471
312,0.050068482444199584
313,0.057407287415764285
314,0.06130785948237316
315,0.16564317649943372
316,0.03949468883320662
317,0.10048936063111236
318,0.0862166837549112
319,0.04845301410045609
320,0.06877090958424414
321,0.10006923473462837
322,0.06745607195407899
323,0.05806896925800033
324,0.06970164971776238
325,0.18860744850969013
326,0.05857421755630176
327,0.04397341764700735
328,0.06441024806360451
329,0.029234410686047707
330,0.050482835724767534
331,0.06391596872186356
332,0.061292522370320235
333,0.06336008735529741
334,0.07279372190293876
335,0.059101613625654574
336,0.04885785379615426
337,0.08431870635241713
338,0.08081242526066734
339,0.05733581595949855
340,0.1645852064339942
341,0.04840955515119383
342,0.06703862634907021
343,0.05659966051144182
344,0.04604754426098845
345,0.046844481488656164
346,0.16460811141824186
347,0.20639730262059766
348,0.16366235078726646
349,0.041997043791811565
350,0.05868987157455041
351,0.05320382952620351
352,0.21020164874453506
353,0.07879574509819788
354,0.044779478441468464
355,0.21665074657593675
356,0.0517063252351726
357,0.04459805585581855
358,0.10048952377753627
359,0.18297772924399447
360,0.11028551535377328
361,0.05534497516525627
362,0.2260580757001407
363,0.054613232695296055
364,0.10214756122842672
365,0.04710208003040839
366,0.05497649046858322
367,0.049237715622844624
368,0.0738843743052523
369,0.048844697249867175
370,0.04028924848832738
371,0.05899318046415891
372,0.12592228194533195
373,0.0508006340797903
374,0.07329796412713363
375,0.05848502234080855
376,0.07151199248027218
377,0.06772728572260589
378,0.1867866282412146
379,0.06209174911975779
380,0.06874115608691056
381,0.05829233637318909
382,0.06044891609169456
383,0.06556971528975852
384,0.044515282134797496
385,0.0584959329307253
386,0.05055896036359031
387,0.09732695770102097
388,0.06319947370647239
389,0.06767554813820154
390,0.04981512356692863
391,0.06450868882075234
392,0.05535699034819308
393,0.05548885509987378
394,0.19856188167910585
395,0.1408369167254877
396,0.022342460862820213
397,0.049278881125936036
398,0.04854229135819589
399,0.0427341462087748
400,0.17263154682974824
401,0.08517683297824108
402,0.04195969449078485
403,0.07982803472981148
404,0.07072514873035396
405,0.04505310699884879
406,0.06846633786747025
407,0.07183579103472715
408,0.04937926057189812
409,0.18951336246766648
410,0.0558201070927139
411,0.0500072486657982
412,0.1765223069626105
413,0.08617401689391258
414,0.05138036851417594
415,0.05920337433104495
416,0.037092228377700535
417,0.06807814806869761
418,0.019483133702952626
419,0.13980258360631315
420,0.06580663438802747
421,0.049966008737677314
422,0.06339307137174477
423,0.036289976232829035
424,0.04770493290854917
425,0.061540799555687024
426,0.2263071004899192
427,0.05899276278732201
428,0.0530585881461384
429,0.03672461455139031
430,0.042469106844853936
431,0.04231095628131032
432,0.056978788963011014
433,0.05379468842254676
434,0.045768879357487864
435,0.08987565710490297
436,0.04600131487405778
437,0.04890195161303802
438,0.12713412295506588
439,0.04370900703297942
440,0.1265721582882563
441,0.04797724962872785
442,0.06107930672027372
443,0.051570455501306345
444,0.050659084432048807
445,0.041671149596081085
446,0.049679481480165655
447,0.0551110366567732
448,0.04805571215269122
449,0.07428438943566662
450,0.030617184795357463
451,0.04288928076933996
452,0.04127408859277626
453,0.054100477060412884
454,0.05986803016773545
455,0.05461754379771809
456,0.049677589669521405
457,0.05153313197616904
458,0.07341610214929882
459,0.06745327826103742
460,0.042437248785606514
461,0.05262329615226191
462,0.07408873297790741
463,0.07102601771477934
464,0.044021483405951016
465,0.05602987571463458
466,0.1767674762148722
467,0.3418284816426548
468,0.05484372086682998
469,0.16910084194352992
470,0.06230475154379134
471,0.04834506260134619
472,0.03874955570544725
473,0.06520549713196701
474,0.21261146943972545
475,0.06732960492816488
476,0.05392714068299398
477,0.05653189019354055
478,0.051921249212504295
479,0.038129358669943714
480,0.04532585331087613
481,0.05283517293561346
482,0.05782002196589898
483,0.04090010670457811
484,0.06674277060100042
485,0.029577201104784127
486,0.09638171792251173
487,0.055882887907161886
488,0.08695114001065851
489,0.0611762269489533
490,0.05562964746686927
491,0.059471811445361074
492,0.09673953689167047
493,0.05938141987770161
494,0.0490789044245834
495,0.031132167408660538
496,0.07813906587438524
497,0.06582581480493488
498,0.10017366537437633
499,0.3002725662711433
500,0.04191986120132285
501,0.06194058067907793
502,0.1992944050724744
503,0.09823793807596404
504,0.03923899451386082
505,0.04805465801321407
506,0.040882424559017035
507,0.05067304410005313
508,0.05052463369832594
509,0.13017934468018633
510,0.10754118399777968
511,0.1596770883449169
512,0.045798157567952136
513,0.04281819142547205
514,0.2297195810512791
515,0.1900178702663792
516,0.047379909284062
517,0.0889592842732464
518,0.09854852589800868
519,0.0677577019797525
520,0.07056836787407439
521,0.055674728811316083
522,0.04860071024847612
523,0.15979836553641902
524,0.0599252045243458
525,0.06718138156882257
526,0.053135695078209484
527,0.19962920452982413
528,0.15492016353368854
529,0.04392733192001408
530,0.1255950418924715
531,0.04365971559137349
532,0.020226293785719832
533,0.14926144228243954
534,0.05185444020799968
535,0.05906399438430199
536,0.05393982069544157
537,0.0482299981935832
538,0.03923577526581845
539,0.041649894080847405
540,0.04957806888410965
541,0.2137559958770533
542,0.04776554162224589
543,0.04445855711835457
544,0.06427419748459927
545,0.07591171110436401
546,0.06769776844492714
547,0.05181488903145204
548,0.05645113665335011
549,0.05579297081884982
550,0.04132914223098838
551,0.07727974861659681
552,0.08738930082827101
553,0.08489331705822145
554,0.033303632673714945
555,0.06122826521688629
556,0.04249396588213095
557,0.058308293406768026
558,0.0616132414062297
559,0.0676065278461887
560,0.047485258868862235
561,0.07532831507569793
562,0.0480965519622667
563,0.20670063101134628
564,0.04831854546876868
565,0.045873004193733864
566,0.03883222333590541
567,0.04621127799177693
568,0.04956350561474388
569,0.17850735067550316
570,0.04125751742670525
571,0.0726328743689384
572,0.1970099163444019
573,0.04157549843705488
574,0.04680293562334592
575,0.05780888250541881
576,0.052112619527427184
577,0.05497497865158907
578,0.07895746347515609
579,0.07118258663574928
580,0.04907674329904077
581,0.05291705032830785
582,0.06417022849958443
583,0.056237909340123404
584,0.06077659441885664
585,0.03468644104065921
586,0.04484718337417315
587,0.052963897230612685
588,0.1796854550009057
589,0.10374805399934617
590,0.08691037248787614
591,0.052217842609955316
592,0.04450723012876767
593,0.05191592210274743
594,0.04582528248359419
595,0.0672064129919433
596,0.055600910971263406
597,0.061604656715801835
598,0.05584066894849826
599,0.05190296302913098
600,0.32151776337891497
601,0.2634327970706837
602,0.057746689763714436
603,0.0645142863676843
604,0.07654353199834796
605,0.042398066954278835
606,0.04470711106511016
607,0.05298824890412157
608,0.04397848389488868
609,0.04410695239921747
610,0.02986242495898639
611,0.045179709198499673
612,0.0530082145943328
613,0.059324231243255476
614,0.07709336909117748
615,0.11005605409338416
616,0.09965270043293983
617,0.19889140158735866
618,0.04819755542638871
619,0.04761315291614043
620,0.06082598169981567
621,0.1833398577146399
622,0.05450149288880712
623,0.08592455383270092
624,0.08698647803908123
625,0.04757096151320084
626,0.044144592441610286
627,0.05930360350980324
628,0.04372904784026177
629,0.10749752363713304
630,0.06496392144068686
631,0.1647257994150656
632,0.04170929252534239
633,0.16489049061879554
634,0.19103590306128748
635,0.07413496576725133
636,0.07677940204592347
637,0.05049515999958809
638,0.04128545377603832
639,0.04445956355261282
640,0.06656975331363102
641,0.3197654159011306
642,0.07147284922551234
643,0.06535543669905007
644,0.07478864714020672
645,0.3688644966163373
646,0.04879022405003197
647,0.051300022371268635
648,0.06791811111723911
649,0.04471686777817874
650,0.07654735417729007
651,0.09836854246197313
652,0.06651464826429465
653,0.049111446947702864
654,0.06272360297665447
655,0.051961303707547146
656,0.0432343776054227
657,0.04332444161945415
658,0.2578933972924297
659,0.057207900018742326
660,0.04951030134166101
661,0.17509164619743678
662,0.04613548835725279
663,0.052602469712459736
664,0.05056934119440072
665,0.04830618632170602
666,0.08845273451981882
667,0.17503736745081278
668,0.08159822756636702
669,0.04755348222835032
670,0.18910077468113806
671,0.04723562433256445
672,0.15654220780741768
673,0.06610252716413445
674,0.042948473905582096
675,0.2384525806874604
676,0.0509556985498949
677,0.0489554368291304
678,0.05912478196861792
679,0.05501987375891682
680,0.06837226472004954
681,0.04699825735968688
682,0.3216257870088941
683,0.06727887856804504
684,0.038098520032076255
685,0.1434063776995429
686,0.10063562145777373
687,0.05657187615713044
688,0.047221393341219886
689,0.05845433574356251
690,0.04432418009400518
691,0.039692716966151835
692,0.06767794679786787
693,0.04790908876884048
694,0.04337102301642681
695,0.049508244921799394
696,0.05451325968130272
697,0.3681720055002857
698,0.057861374782358525
699,0.17806625579404411
700,0.06651443963214454
701,0.11075925492110984
702,0.06814662394381643
703,0.07390944009945499
704,0.04545282452750021
705,0.08867607060804139
706,0.03986720843141789
707,0.062012571782719024
708,0.04215710839763887
709,0.17103817567979862
710,0.05136473812218234
711,0.06643507337647903
712,0.054292855501539165
713,0.04495468886868936
714,0.049196336837723516
715,0.3114877838694525
716,0.1453045089361228
717,0.05010301206698831
718,0.04009945585875385
719,0.09959245323873944
720,0.1530101060900707
721,0.16493577105756665
722,0.5504836830750172
723,0.14162379062271524
724,0.04713391520343047
725,0.05595885225256203
726,0.04933173656000278
727,0.19544004825615305
728,0.05860703863067485
729,0.06620331741029427
730,0.021611470407909672
731,0.05840758053716344
732,0.1864188909809049
733,0.04175711052096287
734,0.04696662033272847
735,0.0489106326793276
736,0.05766313168671821
737,0.16075773252428285
738,0.048996652992538525
739,0.030117163535696486
740,0.05321036212923237
741,0.04734623694641482
742,0.05739128645345815
743,0.07204831188262117
744,0.042407852118896416
745,0.05114710935234501
746,0.2258448712102623
747,0.15174554198090628
748,0.05078995706276089
749,0.1541300417350533
750,0.053914564469536914
751,0.05258343435849477
752,0.048283010593180735
753,0.05720297064085321
754,0.050730678654089416
755,0.050060085168070256
756,0.06551088108735181
757,0.05052205029837653
758,0.05366383125045593
759,0.04852308813105133
760,0.04683592973250128
761,0.04704843029765449
762,0.0730467932236758
763,0.17013761228146407
764,0.06054682031449255
765,0.059995383215340925
766,0.05192119200854206
767,0.05834892433341321
768,0.0616316638960166
769,0.08878377240400881
770,0.05850919437835711
771,0.058239436924627526
772,0.18693857187158305
773,0.27969277200705106
774,0.052040566827738166
775,0.07055351349330452
776,0.05500555073806057
777,0.0767532750918748
778,0.062392824834731526
779,0.06822646183444392
780,0.05140300691692057
781,0.06536689136372288
782,0.11033833851765272
783,0.04201859515894557
784,0.05699205294251386
785,0.10735874292744074
786,0.03953878944134681
787,0.04782907411728077
788,0.21147382943671225
789,0.20392790711975195
790,0.04683386366834152
791,0.06129712011809407
792,0.048270351552037405
793,0.05443930107477801
794,0.047625845179306785
795,0.034700858468219464
796,0.032723768713814216
797,0.046148917365018916
798,0.05719298167595055
799,0.0964685437834404
800,0.1865601163911617
801,0.058959616310642386
802,0.2268815489402499
803,0.07498311353948961
804,0.04975398564481048
805,0.0322220264245775
806,0.05005113495292346
807,0.22335327632814286
808,0.024531525506895413
809,0.05949313517638311
810,0.06721377355133472
811,0.1801130030309368
812,0.050196147655770185
813,0.09069847251963503
814,0.1925559528978545
815,0.06728449609658027
816,0.2713843208005844
817,0.04859092551907662
818,0.08757635842799992
819,0.08071627858433372
820,0.05255530834101463
821,0.06199211057837117
822,0.04646527974757686
823,0.2431076892649121
824,0.055187882480859374
825,0.0762497191193624
826,0.11239877869121027
827,0.049250642764791734
828,0.05671880708104105
829,0.2336335046514061
830,0.05193702258872978
831,0.04823584698921202
832,0.0557984100747273
833,0.08415100889911843
834,0.04753503866463527
835,0.028679827691124208
836,0.06002858497359233
837,0.04700758561592888
838,0.2600420509691964
839,0.0711361730279948
840,0.0386611526606333
841,0.04506419679576101
842,0.04233988858917892
843,0.11217128318754144
844,0.04311515186713677
845,0.04074004684063482
846,0.22145842909137906
847,0.17954479969285694
848,0.059890748569421226
849,0.13065658363908694
850,0.06528319539792228
851,0.0677231239756213
852,0.04661420951407769
853,0.05799171671985081
854,0.0482130846106027
855,0.05069624476552137
856,0.04981558490747662
857,0.057837980209100685
858,0.05948749246337881
859,0.05534110568374895
860,0.1496556295610333
861,0.04327392980926759
862,0.18215675227677566
863,0.0649362794178332
864,0.06265526385578968
865,0.3992454979881401
866,0.06820503883008887
867,0.1768325477974516
868,0.039426192658924115
869,0.05045081554971631
870,0.06451288407534539
871,0.03798206044140473
872,0.04494312946118484
873,0.0564621612500259
874,0.05083377180875959
875,0.07508956978084325
876,0.11092549027897468
877,0.05250231662129623
878,0.15357577348445586
879,0.04551176788605371
880,0.057970882299926425
881,0.036802327647812
882,0.18148340044697364
883,0.0450111440182408
884,0.055098684140582936
885,0.14066105661905925
886,0.06865823441393093
887,0.052501604877367325
888,0.04368127850172754
889,0.04840381316280285
890,0.04899436769447474
891,0.08539550396669993
892,0.04816575031352577
893,0.0705472062433189
894,0.048472518337891464
895,0.044694721441322915
896,0.06037587406098776
897,0.047188628999056285
898,0.18739416794344588
899,0.2011529345830184
900,0.024014634042638927
901,0.0988866078478694
902,0.06125981120547664
903,0.06033215952640793
904,0.10680870369273933
905,0.05373438465185798
906,0.05817705142287721
907,0.15880483600838835
908,0.06250980511684534
909,0.042106471249024335
910,0.0866383628832198
911,0.14186425800246585
912,0.1427115153644395
913,0.05127226318178546
914,0.042603753638703945
915,0.07035195294421615
916,0.06757249110189834
917,0.05922532053759055
918,0.060339718152851225
919,0.12549701840894334
920,0.044311005084004214
921,0.27777123526515
922,0.05666086595726494
923,0.0617700098830325
924,0.11943850711877367
925,0.057290083402660175
926,0.2612715160062916
927,0.05397292661616626
928,0.06222559936662631
929,0.1211020980265466
930,0.061216832723936736
931,0.06872727723683203
932,0.1154248988544958
933,0.06471646291448553
934,0.058864266915145125
935,0.07519179085043581
936,0.0704057332613538
937,0.0618597385098183
938,0.06671776879526793
939,0.05635502853025931
940,0.046802517387385945
941,0.1639997222532943
942,0.038584016487532964
943,0.05973363676514309
944,0.19791299784189686
945,0.05259119386061384
946,0.06329556722017005
947,0.04400237055228662
948,0.13338928412534326
949,0.05529834893562013
950,0.15570561389860027
951,0.17706998312458844
952,0.15947866864664328
953,0.08662522119922589
954,0.10648033692550417
955,0.11497040144379354
956,0.05678474767090391
957,0.04632026278266177
958,0.04518016930654811
959,0.0425247149305924
960,0.04182829976536029
961,0.12578318571152092
962,0.14595074333403402
963,0.048775464272581504
964,0.1878053117445764
965,0.058246388405007836
966,0.5253458574534273
967,0.045287216778049366
968,0.0954662374584324
969,0.05619135111059592
970,0.04934431373303971
971,0.17208359355010372
972,0.2540020168130278
973,0.04207866993661913
974,0.05474195524947068
975,0.21899814176572507
976,0.06026222313527774
977,0.06800450250363332
978,0.04312157887506873
979,0.051059523043284316
980,0.05353314241578589
981,0.04290066956678706
982,0.06315350855913282
983,0.17737401695231514
984,0.04603086023120373
985,0.05520749124419977
986,0.053220728685429486
987,0.15248559826732433
988,0.04518152320625712
989,0.05089131249289314
990,0.09420754236446403
991,0.04794503102501968
992,0.04661484953073647
993,0.048049446718784194
994,0.09816477971959392
995,0.06811915520365486
996,0.11792485817954244
997,0.0819090257700894
998,0.09915619537136856
999,0.1513142861893927
1000,0.05615685337722498
1001,0.058356583026382365
1002,0.052227649525176216
1003,0.14193683420645986
1004,0.044688078930859465
1005,0.16934980799142052
1006,0.0864126856547689
1007,0.046923884250339006
1008,0.06737511397520501
1009,0.05911236102213735
1010,0.05719619410442101
1011,0.06528989112144412
1012,0.09629426394039188
1013,0.050875757028912894
1014,0.1052734599119154
1015,0.04439953366749472
1016,0.045127637190668035
1017,0.04680606294996848
1018,0.13514526230391632
1019,0.059734157852936565
1020,0.052101818832290266
1021,0.06436599256609521
1022,0.041987209507968526
1023,0.18445200524656727
1024,0.030959553920831606
1025,0.04163744868226504
1026,0.14388356063625066
1027,0.03187800306472599
1028,0.05099839468529765
1029,0.05022358641765812
1030,0.06677048101351557
1031,0.06625259289000585
1032,0.05091832970577048
1033,0.043021640160540116
1034,0.01673317302087074
1035,0.06264374371649882
1036,0.16555204204390805
1037,0.04521257593600303
1038,0.04247931725798959
1039,0.056257995957576516
1040,0.0472414464592632
1041,0.042572575183381985
1042,0.02296010638762036
1043,0.05173655002635258
1044,0.12955234755617728
1045,0.06513934460349191
1046,0.040447529508925606
1047,0.04110356657182235
1048,0.04318173703298811
1049,0.041500240585539035
1050,0.0403120069958931
1051,0.045426082534680834
1052,0.10546900188331787
1053,0.07296425707590415
1054,0.04625784295736501
1055,0.04144398393377313
1056,0.06603375448132864
1057,0.04363807256090102
1058,0.054087541609062366
1059,0.050051232141661184
1060,0.07337362878167253
1061,0.04094518225265742
1062,0.1633601476615396
1063,0.1475449982774919
1064,0.046771796725820325
1065,0.048666615518052514
1066,0.06754713463086226
1067,0.2270785759885973
1068,0.0571111107630996
1069,0.10001906164617592
1070,0.108227977713499
1071,0.044816864845834026
1072,0.04471072165734435
1073,0.3108054748074261
1074,0.04617210631515578
1075,0.046529036296706905
1076,0.04223587128183148
1077,0.03886556648083017
1078,0.056665713373640784
1079,0.07135978425126255
1080,0.14458696579797914
1081,0.3202719101885486
1082,0.04786761867031919
1083,0.05552350150838936
1084,0.048610410001866056
1085,0.05003547689373389
1086,0.04748956468561882
1087,0.061221258976905564
1088,0.05972430594633316
1089,0.07077280350038095
1090,0.04247040715383765
1091,0.05419942432327018
1092,0.06184942952576921
1093,0.08659140056901049
1094,0.041045204040142995
1095,0.06569911254056815
1096,0.05410604131155161
1097,0.04655125531063742
1098,0.056803310730746966
1099,0.04464482936523717
1100,0.04873238875192165
1101,0.053981036078912026
1102,0.030187550273680475
1103,0.022966285074470738
1104,0.0641411450510202
1105,0.07325804617015652
1106,0.04815983439813022
1107,0.055647275756125165
1108,0.22861048215276114
1109,0.045256268164905016
1110,0.047569119952013184
1111,0.2467517507940129
1112,0.0657226282329113
1113,0.10994883121420462
1114,0.17549687680565462
1115,0.052156664605304666
1116,0.047864457614840816
1117,0.04151567885684948
1118,0.046594317931789364
1119,0.06022335653973021
1120,0.05708942178906895
1121,0.08442962823464373
1122,0.09419359427769156
1123,0.04104921304894271
1124,0.2162456577334444
1125,0.052343952732226695
1126,0.10056735422531993
1127,0.04246116050721782
1128,0.049166836363854334
1129,0.057538662307173076
1130,0.058206326596539126
1131,0.05280711384350102
1132,0.026719877382152868
1133,0.05908032948518172
1134,0.04640720221642214
1135,0.04522010062048032
1136,0.06741108294089193
1137,0.02560500109335695
1138,0.21537149325823854
1139,0.06038098580058604
1140,0.06873596626029921
1141,0.03757755084505854
1142,0.05931840801967748
1143,0.3458619570979341
1144,0.13385233344262634
1145,0.04776330092280778
1146,0.044487523488732535
1147,0.127081874422741
1148,0.0501161231153624
1149,0.06274467567538011
1150,0.04445931403927572
1151,0.05353148545159614
1152,0.029892894918634668
1153,0.05732229779621668
1154,0.049517383913951774
1155,0.07148863094157787
1156,0.16324490343072073
1157,0.04895574513774148
1158,0.11122165628030234
1159,0.05883282901505904
1160,0.06727632342510159
1161,0.0642524033143812
1162,0.09921098799866256
1163,0.05232124202915578
1164,0.05538584982293882
1165,0.04762816854871621
1166,0.1707474751204121
1167,0.05167728446515152
1168,0.05305637714078658
1169,0.03963141299248263
1170,0.18350574918113285
1171,0.05242450177168068
1172,0.057920938901519614
1173,0.04540602017783535
1174,0.2759187856883576
1175,0.04982737127697856
1176,0.08347538313603442
1177,0.04698815868747197
1178,0.04707113075690572
1179,0.12756839921869945
1180,0.046887972665704436
1181,0.044887961114126296
1182,0.04960425030647386
1183,0.1591322811455811
1184,0.052472479952508366
1185,0.1990605437559937
1186,0.047473920158466736
1187,0.04063821763503495
1188,0.07662356887893751
1189,0.28322585417871793
1190,0.07406401064764623
1191,0.04509673226706768
1192,0.18833410297488384
1193,0.049660868912184464
1194,0.04445687771197149
1195,0.06235383196225575
1196,0.05298856315425937
1197,0.04403814675083306
1198,0.17607178419616365
1199,0.06152097262592071
1200,0.0467342099269148
1201,0.20074681482119128
1202,0.06877888647161046
1203,0.04646828052274177
1204,0.05626945496712799
1205,0.058349070951654536
1206,0.04648474689250381
1207,0.16627086302625316
1208,0.18989466440876604
1209,0.06495816023781642
1210,0.051386179313533065
1211,0.050735502944067146
1212,0.05974586614601896
1213,0.04674979021291481
1214,0.04701376231743792
1215,0.19451254727207207
1216,0.057160222903013924
1217,0.05087452859193087
1218,0.04486049835778838
1219,0.04153560766292408
1220,0.09471355763802393
1221,0.07662638030371338
1222,0.03952169622367574
1223,0.0681190459745582
1224,0.04947346923310837
1225,0.04452857589795478
1226,0.0586166179023887
1227,0.03905293497867535
1228,0.058928481769559775
1229,0.06473541449663757
1230,0.04969854395846185
1231,0.3560840380405331
1232,0.05877839555243014
1233,0.0542629242731314
1234,0.09148761277014096
1235,0.07722993764796549
1236,0.05800593815430344
1237,0.15025119883825144
1238,0.04923096930944658
1239,0.051402203687845316
1240,0.04437034300431564
1241,0.056273555964029616
1242,0.05887868137995224
1243,0.059482657631542375
1244,0.2199219454100957
1245,0.06381906098737145
1246,0.04604644987880248
1247,0.11325228863651815
1248,0.04563607053338281
1249,0.049066418546699575
1250,0.13428070015038962
1251,0.04235229978486888
1252,0.05147953932972893
1253,0.05355366099592851
1254,0.04931491605784133
1255,0.041654622451142265
1256,0.05266382507207479
1257,0.030784601981171836
1258,0.08928454241825777
1259,0.048516109132407566
1260,0.197479633350264
1261,0.0747620768613444
1262,0.05675675386942791
1263,0.26949917820775826
1264,0.06762191191296985
1265,0.04824809563634491
1266,0.05544317968453194
1267,0.06815781099293118
1268,0.17241629478851372
1269,0.06061906801508399
1270,0.15594214530089054
1271,0.11693149589799975
1272,0.05708662722259938
1273,0.058582154522450074
1274,0.08968885980955432
1275,0.04769457063208515
1276,0.0566557521208283
1277,0.05726298650638905
1278,0.06029300588102472
1279,0.195923023006252
1280,0.0756053608102748
1281,0.20067903025117986
1282,0.04892885356162635
1283,0.06933160547372874
1284,0.13576649986653822
1285,0.1903122942706229
1286,0.04632469074270662
1287,0.047016455399430335
1288,0.0873572586308764
1289,0.08934601807778664
1290,0.05665627727628144
1291,0.10927422621610383
1292,0.1137247338892613
1293,0.04567531488891519
1294,0.18929318812614604
1295,0.04873490762593813
1296,0.061106302703731186
1297,0.06917471645722517
1298,0.05102532468683052
1299,0.050903298581787985
1300,0.028452278128989983
1301,0.0570615273978341
1302,0.06484550508530118
1303,0.08620394110968654
1304,0.06796402632120968
1305,0.01987372863104253
1306,0.12585772239868853
1307,0.0511780678864554
1308,0.04744094276853717
1309,0.2804153876368496
1310,0.05618696300550996
1311,0.0490193159408342
1312,0.049527347134349135
1313,0.1766751460637046
1314,0.05764091083301037
1315,0.057320459825417676
1316,0.061336730494457536
1317,0.05945557524588953
1318,0.05452118457588273
1319,0.07442760168170026
1320,0.18660570069432814
1321,0.10858997911374113
1322,0.06339137441201936
1323,0.3248074459441153
1324,0.06872458247834101
1325,0.050238391864352194
1326,0.08700685368223704
1327,0.0549981140086947
1328,0.05652949488974901
1329,0.05656312126697805
1330,0.21304631445116687
1331,0.04509249627122902
1332,0.0521147378159067
1333,0.0555598995600699
1334,0.11786014603700802
1335,0.04524892377272571
1336,0.06583360489308465
1337,0.058854924890398126
1338,0.02282903883005816
1339,0.5266772840337739
1340,0.06285232969261345
1341,0.023305000222532343
1342,0.0944399345162158
1343,0.2973822307763281
1344,0.022005628413008127
1345,0.08087395674307353
1346,0.058363830032623465
1347,0.0290765548816323
1348,0.06339207920799705
1349,0.045700417933264965
1350,0.0942913545490629
1351,0.05302450165293526
1352,0.04511527132644821
1353,0.13014296290287053
1354,0.042659104604193865
1355,0.05272815769517647
1356,0.061838141722383326
1357,0.06831771146439447
1358,0.0627841420901526
1359,0.21222452307435213
1360,0.04794897538101861
1361,0.05741354934001941
1362,0.05559648536845496
1363,0.060723516202009886
1364,0.044364913497939584
1365,0.1729672510434518
1366,0.04741748731164575
1367,0.04623934598665558
1368,0.04381420569250416
1369,0.04428365628470055
1370,0.044124930277653074
1371,0.04658789670414965
1372,0.04718716614260776
1373,0.2451056200028197
1374,0.04438051495034945
1375,0.07502710636692123
1376,0.04628892954615826
1377,0.09931239799259496
1378,0.052521993712846826
1379,0.05539239618997305
1380,0.030315618841955105
1381,0.052756152749114715
1382,0.0256590450048898
1383,0.03918900774706768
1384,0.09952083891818776
1385,0.035228762047167635
1386,0.020552821881527628
1387,0.0451298320698541
1388,0.044715494682770585
1389,0.054925789166310864
1390,0.2708944948263843
1391,0.06964407219963653
1392,0.061585035493241236
1393,0.09994474498561802
1394,0.1798588012203688
1395,0.035374942436992685
1396,0.06968512178792319
1397,0.047055330570158316
1398,0.04576911984244758
1399,0.05505241648630399
1400,0.052577298342911694
1401,0.14097368595394566
1402,0.08078936092207722
1403,0.0690442738728212
1404,0.04227000797767366
1405,0.19991920180821954
1406,0.04295375143569369
1407,0.05752446777528707
1408,0.03130346803562223
1409,0.04783515900820856
1410,0.2162705208733674
1411,0.06662971899799143
1412,0.04514292125502628
1413,0.040749811423772216
1414,0.04097771206125922
1415,0.26364614834059885
1416,0.037541614591086285
1417,0.4522243908863887
1418,0.029937024240156762
1419,0.04853039675498072
1420,0.2806571427729544
1421,0.03958803906090425
1422,0.05171713878473838
1423,0.050867026197641496
1424,0.03759666776799009
1425,0.10199047565600207
1426,0.04821564975792336
1427,0.04191958282654129
1428,0.039192992856295183
1429,0.09422465751661024
1430,0.047797773179745096
1431,0.051176039674694085
1432,0.05437621864214082
1433,0.09482468286374146
1434,0.1936595778465363
1435,0.04975606659222853
1436,0.07520564389834472
1437,0.18404454183236674
1438,0.04692453786754125
1439,0.03164117191328075
1440,0.06318947704801647
1441,0.04037649950962463
1442,0.04560741560635617
1443,0.0480332946977311
1444,0.18620373630339748
1445,0.15690398269960293
1446,0.0522065777550722
1447,0.1840531729473035
1448,0.042009706352078124
1449,0.08575184908395428
1450,0.029675349366938275
1451,0.040971962878202484
1452,0.04349504525081493
1453,0.047899939542646486
1454,0.08124159875463988
1455,0.06267063801596151
1456,0.055934338441882565
1457,0.042816744683746966
1458,0.04533367246063735
1459,0.03920571678777497
1460,0.0887782086085166
1461,0.06537172991951268
1462,0.1467052720405665
1463,0.10035437209688547
1464,0.04883317348908701
1465,0.04695035259955771
1466,0.06785612064818748
1467,0.046471953626208366
1468,0.07102704651293634
1469,0.04820031619201903
1470,0.17040043053611853
1471,0.06862649036185386
1472,0.058586221965381324
1473,0.09998678579145737
1474,0.06862936129804252
1475,0.08959066051663322
1476,0.05232221156030814
1477,0.047549795798431334
1478,0.04206155098500708
1479,0.06629835959047893
1480,0.06780992777160177
1481,0.029836174230962964
1482,0.05365946683656042
1483,0.04798622284038545
1484,0.07964961094024403
1485,0.12630794844313065
1486,0.06309421879494359
1487,0.21760500710743805
1488,0.052356270221705525
1489,0.05570923669944605
1490,0.05095440668986861
1491,0.0449847991044241
1492,0.0510843136025404
1493,0.10947225080169463
1494,0.06968266168352877
1495,0.13065544577115107
1496,0.054804022890783344
1497,0.15767654014558485
1498,0.07565149198200727
1499,0.21872189720728108
1500,0.0488267984940467
1501,0.03862132444698319
1502,0.05349483782705533
1503,0.04869787833518025
1504,0.15309453822054586
1505,0.05076554110557574
1506,0.06266804141198623
1507,0.2354319117214939
1508,0.06549900555675202
1509,0.04658664806234769
1510,0.06296859420459122
1511,0.046619941439023815
1512,0.22463906015005364
1513,0.06828951241089397
1514,0.04888949914672469
1515,0.06865700093624473
1516,0.13820535133732748
1517,0.048741342355956514
1518,0.061390949189455875
1519,0.03540268155775728
1520,0.05021948709521595
1521,0.0402059460940426
1522,0.05521664979048968
1523,0.04904339922393941
1524,0.029434942574053213
1525,0.07386171829738464
1526,0.016824252166084297
1527,0.051114759185675984
1528,0.04715919244465317
1529,0.170547162999914
1530,0.07026494386060445
1531,0.21709371140699707
1532,0.10183256874377168
1533,0.0326099898718869
1534,0.059715958266740025
1535,0.05419970090919657
1536,0.16629261726277567
1537,0.019507507385986056
1538,0.057522738070357786
1539,0.05428118624386169
1540,0.065253383317603
1541,0.04734615999246949
1542,0.03221430407351189
1543,0.13438900083266558
1544,0.022204484397068347
1545,0.1621304379933921
1546,0.12370128443630712
1547,0.04445704315111021
1548,0.0495815449310929
1549,0.1600605104885391
1550,0.04159774838238983
1551,0.32951173489924024
1552,0.04073986080838954
1553,0.06886393564410509
1554,0.044917831452312214
1555,0.046207184267013424
1556,0.06844505905687548
1557,0.06600734763382443
1558,0.04195608747826751
1559,0.04463764760021949
1560,0.14409853039958986
1561,0.053374287487620416
1562,0.06380592766410997
1563,0.1729169727074793
1564,0.04774338809019785
1565,0.056396284857549016
1566,0.040291506182747794
1567,0.052570646142123915
1568,0.050373202180026166
1569,0.06235638343100691
1570,0.05816221850039005
1571,0.08587531990457531
1572,0.06150899947514887
1573,0.1028081685822484
1574,0.057769140599713616
1575,0.0506298760802919
1576,0.057312690360739486
1577,0.06643060162069958
1578,0.07557169509334828
1579,0.06339274991964272
1580,0.13582571708763813
1581,0.043779723190484836
1582,0.3079324716515069
1583,0.05132542047760957
1584,0.047829504443082316
1585,0.10081280549322613
1586,0.051136867071997605
1587,0.09968554322466527
1588,0.05314808676667526
1589,0.05457119924130893
1590,0.06860469699061855
1591,0.04357171438379992
1592,0.049213534538431684
1593,0.04831394667096667
1594,0.04219258496127931
1595,0.05506279474072662
1596,0.04936013243794202
1597,0.08590003983568617
1598,0.05149038220530555
1599,0.16926750652116995
1600,0.14377929482597376
1601,0.06339979706833042
1602,0.2390065215747665
1603,0.06857735093578521
1604,0.05394598195354017
1605,0.04630354905012879
1606,0.1007333163748082
1607,0.06263888688830987
1608,0.15349114573940925
1609,0.1259606003712248
1610,0.02587576365208744
1611,0.04156839754120134
1612,0.09616704429707068
1613,0.04322055106855327
1614,0.051555446029216016
1615,0.054709527673093006
1616,0.04841751319880583
1617,0.2056287922565968
1618,0.05382606372924237
1619,0.054181281758913236
1620,0.10860918962823184
1621,0.052110697872062905
1622,0.10665712450064446
1623,0.05116317939919779
1624,0.12585766837522994
1625,0.08555230385274892
1626,0.1323565121892648
1627,0.04545027147557201
1628,0.05053381404842017
1629,0.0949451489648202
1630,0.05436535564201861
1631,0.05659167181164804
1632,0.04304033544800978
1633,0.0863209634480262
1634,0.048278730620528336
1635,0.05696233674245865
1636,0.16621203117730776
1637,0.04994443443825414
1638,0.05057326664638884
1639,0.05040138127477345
1640,0.2267210531365837
1641,0.09906708330563774
1642,0.08816692742873866
1643,0.04470442297259758
1644,0.0665595017182321
1645,0.04681684992022828
1646,0.056929834377683286
1647,0.0449868183750568
1648,0.04700723029077125
1649,0.05279196485782856
1650,0.2491540253226593
1651,0.1393013696855171
1652,0.16042086004670164
1653,0.13381223006429346
1654,0.07043008065765721
1655,0.10267832731957073
1656,0.05384399130065809
1657,0.05148604932548617
1658,0.0495759191441596
1659,0.054553460086090966
1660,0.27557911139332897
1661,0.18387254705015066
1662,0.045757091230499085
1663,0.051810720068459326
1664,0.2407406521974137
1665,0.049941112105226886
1666,0.14131264503420016
1667,0.05436711976685837
1668,0.04970650636299623
1669,0.08776980336681317
1670,0.062210843649145524
1671,0.05777506404283839
1672,0.1838492562842019
1673,0.1534501556369653
1674,0.06813806144666601
1675,0.06677180437981534
1676,0.05792196772256431
1677,0.24772569749078865
1678,0.06077609060052036
1679,0.06615957984567168
1680,0.06152901963517787
1681,0.18738933855367226
1682,0.0598300631287978
1683,0.050661714271521004
1684,0.047135939058119185
1685,0.1070717885050806
1686,0.048603772111616365
1687,0.05359050605260995
1688,0.05512190814385809
1689,0.048532368181115504
1690,0.05106727506329334
1691,0.02945927223897005
1692,0.06259531794970763
1693,0.051350318286189855
1694,0.05637218361917529
1695,0.04171147889926885
1696,0.09913869635988216
1697,0.15249895383426335
1698,0.05719643710223776
1699,0.2295639262988524
1700,0.15189062359823013
1701,0.04961586562746545
1702,0.04417621886399215
1703,0.0910722712178067
1704,0.048741293732025286
1705,0.04150154854985122
1706,0.04240936636048465
1707,0.0586574622280609
1708,0.06631876513120505
1709,0.2552665540140865
1710,0.05150357822714946
1711,0.0400811853573565
1712,0.13377745465014698
1713,0.02596723325130756
1714,0.051880758185808507
1715,0.16523111428156698
1716,0.050737765833086416
1717,0.053549283611632366
1718,0.0564949280681174
1719,0.20874386080373866
1720,0.048429115556700486
1721,0.06325284178833346
1722,0.06069642671826193
1723,0.04976923537587363
1724,0.05167511787045143
1725,0.09945030823673684
1726,0.06815008137162004
1727,0.04524263631203906
1728,0.09859614547651696
1729,0.08636877019276767
1730,0.07080086753664072
1731,0.0640717845595028
1732,0.04718224862854215
1733,0.0510091882539595
1734,0.06151823507722221
1735,0.0729509063394056
1736,0.026457141069133442
1737,0.0603273403056438
1738,0.08756468424332098
1739,0.052135066781378026
1740,0.13047255928195567
1741,0.1032930019712276
1742,0.06625182154701248
1743,0.04042700639692631
1744,0.08624004706903342
1745,0.05050088900807037
1746,0.045347445766083405
1747,0.19191268077810053
1748,0.08649810163507587
1749,0.05447176844076018
1750,0.05509151297887849
1751,0.047135811016100426
1752,0.048247374959229705
1753,0.04435943854690017
1754,0.06557028953479327
1755,0.02951313766547592
1756,0.05884624384489345
1757,0.18884839816132493
1758,0.18921578262594246
1759,0.057350415149239324
1760,0.0428980997093662
1761,0.05642564205902434
1762,0.032900828850629726
1763,0.06658220788644709
1764,0.047233707494967365
1765,0.18938939935863164
1766,0.048616387852461695
1767,0.059185239038441424
1768,0.23323529872235305
1769,0.05550085505296909
1770,0.058133913032506375
1771,0.06818666478269797
1772,0.0701490716306663
1773,0.05242095411748249
1774,0.0595273403498523
1775,0.04365900629048758
1776,0.09405527436601736
1777,0.04908695869888602
1778,0.07027988931317343
1779,0.14243398568743126
1780,0.04548087796860068
1781,0.04332749189980234
1782,0.06754551847115386
1783,0.04220423235155092
1784,0.04709519086147507
1785,0.08511379319633405
1786,0.04803709046698768
1787,0.04501967046594912
1788,0.05257103370060568
1789,0.06859826023523052
1790,0.05047229443825585
1791,0.048791116231486686
1792,0.058423430295384986
1793,0.04906462965942682
1794,0.07546592863461478
1795,0.2414813564399355
1796,0.06354201765121492
1797,0.04317419426405466
1798,0.07240909003689701
1799,0.19327714503076354
1800,0.09299018396343528
1801,0.06195574622426502
1802,0.05590962070209127
1803,0.16258870244910495
1804,0.044089358775651566
1805,0.06998434526170327
1806,0.05065113293011658
1807,0.09460199129105352
1808,0.0804425220512508
1809,0.1628587374711692
1810,0.08703555121725515
1811,0.1099316589471957
1812,0.059182292140026786
1813,0.08829840539375211
1814,0.0514799126197103
1815,0.04570428057631426
1816,0.043012257151328386
1817,0.07780200372640611
1818,0.05295771643767322
1819,0.042994404748612935
1820,0.054364486508784005
1821,0.08523310203986267
1822,0.2062145251897876
1823,0.024167632829951047
1824,0.06518114978789125
1825,0.048312796649906516
1826,0.20948801934929265
1827,0.043373478969970784
1828,0.06280241374100093
1829,0.06606941884075401
1830,0.20247753582255493
1831,0.2085606865213756
1832,0.09145703866092747
1833,0.044361662949569995
1834,0.04778090397139202
1835,0.053884170380692036
1836,0.07359554401835433
1837,0.08148220672713169
1838,0.062446267516889635
1839,0.14211622779769084
1840,0.025843908441661186
1841,0.04789060518327126
1842,0.0937315159325618
1843,0.05023290007338188
1844,0.04930958178991629
1845,0.18624317126075984
1846,0.05715491556648234
1847,0.041377666142920384
1848,0.26887654956233764
1849,0.013036451766586963
1850,0.0947531870739986
1851,0.0804140871721204
1852,0.05211910001870057
1853,0.04669468119088505
1854,0.04385205494656763
1855,0.0990632901363372
1856,0.17643830511053638
1857,0.1552059767578987
1858,0.04533341140766922
1859,0.2524557253974422
1860,0.055527555891332736
1861,0.06749258696779459
1862,0.05229329701797625
1863,0.0498707174878017
1864,0.059594877505842365
1865,0.04526977128036736
1866,0.04696496218774071
1867,0.050740203427081854
1868,0.05686013923397281
1869,0.0940270415354697
1870,0.06555665391512022
1871,0.026900902870796828
1872,0.15519390812904188
1873,0.02400430797400721
1874,0.11197290172245966
1875,0.05232851646055869
1876,0.04897066412559292
1877,0.05665142199220974
1878,0.059463689750715365
1879,0.06224493021433364
1880,0.06600956580450501
1881,0.058758849435921134
1882,0.24240226832891176
1883,0.0543737044840209
1884,0.04360694744780347
1885,0.07386029572491626
1886,0.06920109589114143
1887,0.22002941940372966
1888,0.05469585587462345
1889,0.055074759082436316
1890,0.07168196194811882
1891,0.1074489561283648
1892,0.04619743481112026
1893,0.08046255441861327
1894,0.10117409218852412
1895,0.06367391601387884
1896,0.04357982254335835
1897,0.0569582801061701
1898,0.04058630330296453
1899,0.05919234417792274
1900,0.050796069145570666
1901,0.04677498373183942
1902,0.19923190676010416
1903,0.04487925846941322
1904,0.04896439340800651
1905,0.053130282474339714
1906,0.0924584628429379
1907,0.1689684853178267
1908,0.05695805959868761
1909,0.13988709246236095
1910,0.05098145719144953
1911,0.034301110973918865
1912,0.042825519459595014
1913,0.06449126806083405
1914,0.060422404383192914
1915,0.16369129542245853
1916,0.06889715674865404
1917,0.05255019801588878
1918,0.08062514827854073
1919,0.05028755557116249
1920,0.21554108953155693
1921,0.2818826803331135
1922,0.1751489248648419
1923,0.21826147032291188
1924,0.07678179765157445
1925,0.0751220676216644
1926,0.1473047125947039
1927,0.04807752029375534
1928,0.03588221945441361
1929,0.1741824986339553
1930,0.03136023704830915
1931,0.07373012618998709
1932,0.04369813369562337
1933,0.12712807224580536
1934,0.04845839910701767
1935,0.07443109963342043
1936,0.06610749645520864
1937,0.0868981439728237
1938,0.04730711078541749
1939,0.2182870043216836
1940,0.06794476872730992
1941,0.02245229202201181
1942,0.11544096152141947
1943,0.04807817797597158
1944,0.04736525344518372
1945,0.04562191525636361
1946,0.049611479947498933
1947,0.0704646398230453
1948,0.056777263169210175
1949,0.07114200458850617
1950,0.029926699766922863
1951,0.07386442759937417
1952,0.04693531677475804
1953,0.047715949126647006
1954,0.057700450904955125
1955,0.04502161858887888
1956,0.08228648980143816
1957,0.05028163756131687
1958,0.0420611323643747
1959,0.059420714399015424
1960,0.05503669927975519
1961,0.3064625422675257
1962,0.10739399451324882
1963,0.04400631760623497
1964,0.046320923511362966
1965,0.05304249623153212
1966,0.033879573684722934
1967,0.06639496988078297
1968,0.04972468719932655
1969,0.04364327470533025
1970,0.05779700456310255
1971,0.03566210883855925
1972,0.05065582894862186
1973,0.09660180224560222
1974,0.13344197419977166
1975,0.041249064226768994
1976,0.3403767167661645
1977,0.20400181026350395
1978,0.1886254135214419
1979,0.028504606665181963
1980,0.0658457633777152
1981,0.04868900424674105
1982,0.15318738075040073
1983,0.049104358577690584
1984,0.06852536283135324
1985,0.3775972993425145
1986,0.12916196395832025
1987,0.08099864713338367
1988,0.04989159072075566
1989,0.04791407179682061
1990,0.07309009027524771
1991,0.19325884901688184
1992,0.04595163192516194
1993,0.2425780650363184
1994,0.06154864677950811
1995,0.06525381278531406
1996,0.046127487621134056
1997,0.0586384457663357
1998,0.06371807432369148
1999,0.06721448789150575
2000,0.2382920668497375
2001,0.14082520406679644
2002,0.07328648098462276
2003,0.04467507348467814
2004,0.04777680811059315
2005,0.05492136803437664
2006,0.1730167156624981
2007,0.05736659996364413
2008,0.198897458188667
2009,0.05665529089893584
2010,0.16586597076159038
2011,0.05746596547493865
2012,0.04993286498017502
2013,0.03556020547890515
2014,0.048365806283320316
2015,0.038851766210145966
2016,0.06160863954843996
2017,0.1792274098066765
2018,0.07401859881338169
2019,0.05353654664000696
2020,0.03492816232300555
2021,0.04423753280238918
2022,0.3032675474390201
2023,0.049410580169465534
2024,0.040040122219084366
2025,0.04634962671548437
2026,0.05823655468948207
2027,0.0537596125406129
2028,0.12947939686772492
2029,0.1423020763479932
2030,0.17297971367369416
2031,0.0479330393896632
2032,0.05926652655236575
2033,0.2252404406188806
2034,0.07412874292337668
2035,0.06273286029704728
2036,0.048454637390836434
2037,0.07832331622879696
2038,0.06202501509914804
2039,0.06317971823463342
2040,0.038835811607258235
2041,0.06405920817350398
2042,0.06746680156835637
2043,0.056973640197972235
2044,0.17629122555861745
2045,0.16624868219404454
2046,0.04332644857513901
2047,0.18420401623878
2048,0.039984866607606806
2049,0.045029085407026666
2050,0.09471005624431927
2051,0.05806376696303873
2052,0.0406637913992145
2053,0.052341438680615686
2054,0.1259018205685244
2055,0.06936806539803686
2056,0.1073747224459466
2057,0.04582136128836678
2058,0.06788026513351998
2059,0.05934079975060469
2060,0.04993076260754903
2061,0.10670219332767272
2062,0.06301524080449182
2063,0.05734045114959674
2064,0.040793591221553134
2065,0.051751213293507736
2066,0.05161471241351268
2067,0.051471296774672326
2068,0.33817292230315904
2069,0.1907984020857555
2070,0.05129061953681924
2071,0.04187490287694684
2072,0.07676613841106428
2073,0.0592246844386406
2074,0.054623471877069285
2075,0.048775814904391535
2076,0.07240093002625536
2077,0.08876017265570235
2078,0.2150942740865585
2079,0.03537269133105325
2080,0.1671586920527639
2081,0.05508667937063627
2082,0.05480628183531655
2083,0.04613057859093006
2084,0.03969636357196171
2085,0.04483931205222536
2086,0.08226455400506139
2087,0.19826179483109474
2088,0.04945229788390526
2089,0.06396859419486799
2090,0.060622152376173966
2091,0.059240762010203785
2092,0.040598949795350385
2093,0.04703435203104278
2094,0.06766160034972313
2095,0.17894009430210944
2096,0.04184939658191178
2097,0.06769926002432691
2098,0.055725198048394035
2099,0.05476537482667354
2100,0.039415918574164266
2101,0.04539151204082603
2102,0.07402616923200911
2103,0.05155329364598205
2104,0.04602529575388237
2105,0.04166515467903886
2106,0.04859021999919056
2107,0.046525488690195904
2108,0.3793983959729649
2109,0.05541515846229938
2110,0.2259656158990461
2111,0.0858483170872989
2112,0.04541568228632365
2113,0.08000975946477508
2114,0.058712927831934277
2115,0.06360182124153302
2116,0.17504797518624626
2117,0.03795541837429184
2118,0.041666282924382125
2119,0.05641827746847172
2120,0.08205218615417709
2121,0.0468681343854811
2122,0.05218874749496627
2123,0.048316558126021085
2124,0.05993439026041891
2125,0.018399955123613143
2126,0.1508714509965463
2127,0.06867104685907344
2128,0.05790786805376402
2129,0.044044342297827284
2130,0.05473640120564971
2131,0.04275773977197839
2132,0.10323902369099036
2133,0.25026634511784185
2134,0.04859790328348523
2135,0.051862853329580634
2136,0.10583051873118464
2137,0.06604232935121424
2138,0.04725676769580345
2139,0.044237599221739865
2140,0.03992356902305394
2141,0.047147022503228886
2142,0.05537380162488181
2143,0.04783049860827082
2144,0.09833027870530853
2145,0.05605802417355876
2146,0.18355237887951026
2147,0.0459906666281128
2148,0.10131421836644684
2149,0.07171456914157459
2150,0.08740023197899605
2151,0.05829159168826159
2152,0.04848422581700751
2153,0.048218590586598935
2154,0.0491838592782704
2155,0.05209772492110765
2156,0.016852470985467494
2157,0.1952891054688841
2158,0.06622100171679057
2159,0.1806624480812289
2160,0.22507382392615802
2161,0.0576734165826801
2162,0.047185860873196206
2163,0.055344933829390534
2164,0.06565858714969675
2165,0.055329867814100535
2166,0.04029520100157692
2167,0.06364132949871737
2168,0.054554752612206665
2169,0.05282393429594756
2170,0.04891024761405649
2171,0.054562854757962964
2172,0.06651101809451021
2173,0.050369234838080416
2174,0.12071030722819807
2175,0.049048377693971634
2176,0.05294909648310675
2177,0.04749265928679247
2178,0.049283398595123984
2179,0.10461882252275367
2180,0.10746523472673376
2181,0.054191733643308086
2182,0.09456498286054872
2183,0.2238476958235005
2184,0.04006004667116092
2185,0.043957410837401116
2186,0.036743027141527766
2187,0.08230085938004639
2188,0.2156128844114139
2189,0.05009999079031557
2190,0.04179011246384602
2191,0.04749888322605833
2192,0.04846132729652231
2193,0.04767008158469355
2194,0.059614321660131024
2195,0.3452396986503221
2196,0.04212359541236699
2197,0.05248995603044526
2198,0.05723659639749145
2199,0.046722036319230435
2200,0.025068718561667924
2201,0.046288797492187166
2202,0.2916731511352728
2203,0.12214893958330465
2204,0.06128005418101945
2205,0.06235907745052682
2206,0.1827059262039088
2207,0.18290157299894105
2208,0.06485629574648287
2209,0.01762510553532637
2210,0.15424698544491255
2211,0.061430504009494014
2212,0.051994322558331696
2213,0.048112464861249316
2214,0.1701705380087949
2215,0.18766433371871785
2216,0.16893600011327106
2217,0.06399875352780993
2218,0.04431081270094295
2219,0.06791950847830941
2220,0.09902788328551948
2221,0.042725771024695436
2222,0.05701487162987861
2223,0.024953600761151832
2224,0.0668211000363893
2225,0.04752852251920437
2226,0.04382914699995222
2227,0.13149345736676665
2228,0.05799413435116485
2229,0.059114959214561676
2230,0.3007085155521981
2231,0.18591512899729776
2232,0.020995610334551003
2233,0.04152898715826503
2234,0.2092964177768064
2235,0.12702454869510038
2236,0.07394582128313132
2237,0.09387735383757144
2238,0.04042177741882103
2239,0.15636562502998666
2240,0.05833828414750175
2241,0.08725679952640064
2242,0.16581009245474165
2243,0.04267447431329319
2244,0.08686340051594242
2245,0.1653344926771758
2246,0.05618646508712577
2247,0.05708847057721422
2248,0.053977626959865854
2249,0.16350069534595413
2250,0.05271590600879061
2251,0.29672833342004834
2252,0.05040486918214093
2253,0.07687828761386817
2254,0.08124823625072307
2255,0.10885117416690117
2256,0.029127115773828982
2257,0.08872811069314024
2258,0.12694258863826968
2259,0.05210749847916807
2260,0.06352968662983738
2261,0.12583344317047018
2262,0.04253260902999556
2263,0.09511459735474714
2264,0.04778705237792436
2265,0.05096459469755021
2266,0.2907961548546484
2267,0.04191388590892442
2268,0.03424120613526915
2269,0.06637610695417663
2270,0.0507510688187508
2271,0.0432149985768302
2272,0.07198778472601752
2273,0.06384287625555463
2274,0.1024710130988712
2275,0.04739544963239317
2276,0.04813012098529768
2277,0.044967009422584026
2278,0.17316701898681475
2279,0.04656154410755453
2280,0.18930866399440271
2281,0.051505154996282165
2282,0.06504019416215956
2283,0.07426732174341011
2284,0.06635730896302883
2285,0.06867321593285802
2286,0.04969999211754028
2287,0.02836050555212555
2288,0.0512321347562188
2289,0.051308865862286224
2290,0.04978127780505792
2291,0.050539260515472084
2292,0.4731186783816829
2293,0.024147790404644875
2294,0.2270415912122854
2295,0.16202550064335186
2296,0.08056901990560505
2297,0.02047181246359908
2298,0.17065617548162604
2299,0.08216407104788204
2300,0.19771599442576449
2301,0.05934477755096679
2302,0.04726255590175055
2303,0.05054304075563587
2304,0.05258977109572517
2305,0.025347558315028
2306,0.04459285576165839
2307,0.03808730798466686
2308,0.06260966046395466
2309,0.05984037042894207
2310,0.06435768041981682
2311,0.04845015500614047
2312,0.05031175780314223
2313,0.1373656966926997
2314,0.1917290303504537
2315,0.17059735097465634
2316,0.039812098549491186
2317,0.047617765443418884
2318,0.08970580460095168
2319,0.04225239147228599
2320,0.06163875252700679
2321,0.3699686786346564
2322,0.04383881703118042
2323,0.0591486592147421
2324,0.07835095532046843
2325,0.1669816950266758
2326,0.04538953242891053
2327,0.07737175898126414
2328,0.04681544766087198
2329,0.11075791598515317
2330,0.047726303902186684
2331,0.04775316506628746
2332,0.051187328552182
2333,0.051298304477930816
2334,0.09836136798696116
2335,0.13720160024834127
2336,0.06563144244121732
2337,0.0872083809666866
2338,0.040992239643647836
2339,0.06832142232426286
2340,0.06763334729161652
2341,0.02369088198229441
2342,0.04677125546070982
2343,0.07582069554802295
2344,0.04187802476723046
2345,0.03613160038830898
2346,0.06818056828688346
2347,0.035793080967410185
2348,0.16032811551441473
2349,0.1272378696921379
2350,0.04711238502952952
2351,0.10771873094506346
2352,0.14131676579545582
2353,0.05259906371707235
2354,0.042183506780457465
2355,0.08077115594047124
2356,0.04465890401470174
2357,0.06496513721911967
2358,0.04915825220668402
2359,0.06251619217935299
2360,0.05524948043087763
2361,0.0651416869609891
2362,0.029698058054093424
2363,0.03055308036134285
2364,0.046998748728374166
2365,0.21723244979225093
2366,0.04991035453745585
2367,0.041693860320415006
2368,0.047943636921848776
2369,0.15123919574285194
2370,0.04259302196535497
2371,0.0588625327709279
2372,0.06566260265235202
2373,0.0449961482490534
2374,0.07166034427817136
2375,0.2312570946583007
2376,0.04476440036971596
2377,0.15626400463336332
2378,0.10157902533619144
2379,0.07565342528778041
2380,0.06179498891553248
2381,0.06090590940689356
2382,0.05147184930004123
2383,0.06890157103589978
2384,0.18594358803870348
2385,0.04980349572656406
2386,0.0428588775149199
2387,0.06709989192418497
2388,0.29181413806304235
2389,0.0348310619308001
2390,0.048375299939661054
2391,0.1947514731486647
2392,0.047142995195676114
2393,0.04917674305866948
2394,0.05478584720173797
2395,0.1899637870658627
2396,0.07030252691906469
2397,0.19989794371838346
2398,0.23722402241778984
2399,0.049188172845482166
2400,0.04536721404472298
2401,0.029598382711092275
2402,0.059040013516405636
2403,0.14180350454153245
2404,0.05499971547835469
2405,0.06333115863662264
2406,0.04986564298049023
2407,0.04187979691854227
2408,0.06407256761832436
2409,0.2301307648030145
2410,0.06581368218596106
2411,0.055815685525710916
2412,0.05833789704304927
2413,0.05049320473731711
2414,0.1530696930050338
2415,0.04764307203518048
2416,0.03627431200741826
2417,0.05976951840003386
2418,0.047081433840174484
2419,0.15799848234267833
2420,0.04887054066545093
2421,0.17347122173989238
2422,0.10087278768432564
2423,0.055243091100297126
2424,0.15363460507047064
2425,0.051491716820486255
2426,0.16433648338618467
2427,0.05678358497723745
2428,0.05881505046260184
2429,0.052026803634790175
2430,0.05174296378823917
2431,0.04942154462174553
2432,0.027815756834139616
2433,0.03898042736663232
2434,0.04247857673513433
2435,0.05731891909858944
2436,0.06822685302510068
2437,0.04344529652456408
2438,0.05008363860117193
2439,0.04873499762318445
2440,0.07549662701213866
2441,0.05812574270809279
2442,0.031476525286453394
2443,0.08055738694025216
2444,0.05556207837493754
2445,0.04953573626972618
2446,0.13846844374139367
2447,0.16769004882310812
2448,0.05108203100100772
2449,0.17643785083122032
2450,0.11308129085566665
2451,0.07990673353348042
2452,0.05163308045690952
2453,0.06562664353106418
2454,0.05808828008555
2455,0.060556329935321125
2456,0.0660388425543672
2457,0.0568999072215346
2458,0.06901662108691986
2459,0.1303636385817668
2460,0.051004050504025344
2461,0.052268699987850435
2462,0.08905721002057199
2463,0.039162503364513324
2464,0.055550136503296536
2465,0.04305302517885445
2466,0.2200514862616452
2467,0.04797491549288524
2468,0.05511366479124125
2469,0.0460217006127186
2470,0.04511459354235159
2471,0.3395351795893422
2472,0.05127496304413337
2473,0.2355719877530501
2474,0.0491412250706248
2475,0.06306436877272736
2476,0.05103144874080856
2477,0.05018842413814406
2478,0.04749159763500044
2479,0.047281260491838895
2480,0.29465355748568256
2481,0.05753534563756901
2482,0.2256410501631705
2483,0.10343123972561652
2484,0.180938781657818
2485,0.05022043090917161
2486,0.047888879069931216
2487,0.03884749878362659
2488,0.07714851943295997
2489,0.04382404435872389
2490,0.053458223061078836
2491,0.059113610874441676
2492,0.27731687600853583
2493,0.06803016131431394
2494,0.04565138881875275
2495,0.09519429185800854
2496,0.046865059300762464
2497,0.05349447989539191
2498,0.04941524468448832
2499,0.06468488053247734
2500,0.13979259519125453
2501,0.050385243588909064
2502,0.06039377910974431
2503,0.05329016559910982
2504,0.062033819725115236
2505,0.17422085990907266
2506,0.05183937914737702
2507,0.05462466127162746
2508,0.09048427573435193
2509,0.030899073840094268
2510,0.05720325467543664
2511,0.030127556317415264
2512,0.09690997647881128
2513,0.059690512996895324
2514,0.049460478163923405
2515,0.04918683787426281
2516,0.05169652249853207
2517,0.03790267039380602
2518,0.10160482030098272
2519,0.07423974190023852
2520,0.06705303133261731
2521,0.06585037493196177
2522,0.06602565181112696
2523,0.07692832585211484
2524,0.024187015793245337
2525,0.0632693029125253
2526,0.15094158048096604
2527,0.04470299984860415
2528,0.1851301531292101
2529,0.12660567770258754
2530,0.16457481491697068
2531,0.0343440100636313
